"5' 8""",145 lbs.,"68""",Orthodox,"Jul 09, 1985",7.02,52%,1.79,70%,0.85,62%,91%,0.3
"5' 6""",145 lbs.,"68""",Orthodox,"Nov 11, 1989",1.46,45%,9.66,23%,4.39,25%,0%,0.0
"5' 8""",145 lbs.,"69""",Switch,"Feb 21, 1991",3.65,32%,5.27,56%,0.22,14%,58%,1.8
"5' 6""",145 lbs.,"68""",Orthodox,"Oct 16, 1981",3.58,40%,2.18,70%,2.56,35%,65%,0.4
"5' 11""",135 lbs.,"72""",Switch,"Oct 24, 1994",6.75,56%,4.06,66%,1.31,50%,61%,1.3
"5' 9""",135 lbs.,"70""",Orthodox,"Oct 23, 1988",2.62,40%,3.64,58%,1.17,50%,80%,0.0
"6' 3""",240 lbs.,"77""",Orthodox,"Feb 04, 1979",3.23,42%,2.59,58%,0.56,37%,81%,0.4
"6' 11""",265 lbs.,"84""",Orthodox,"Feb 18, 1988",3.25,46%,4.03,48%,0.60,50%,59%,2.0
"5' 8""",135 lbs.,"68""",Orthodox,"Aug 26, 1991",2.62,36%,3.69,56%,2.21,57%,92%,0.8
"5' 6""",135 lbs.,"68""",Southpaw,"Jul 01, 1982",2.66,62%,1.80,42%,1.93,70%,42%,1.1
"5' 4""",115 lbs.,"63""",Orthodox,"Mar 24, 1993",4.67,48%,3.47,63%,1.00,16%,0%,1.0
"5' 7""",115 lbs.,"69""",Southpaw,"Oct 20, 1987",2.71,33%,3.73,52%,1.33,50%,62%,0.0
"5' 9""",155 lbs.,"72""",Orthodox,"Oct 01, 1992",11.43,61%,5.71,63%,0.00,0%,0%,0.0
"5' 10""",155 lbs.,"72""",Southpaw,"May 06, 1989",4.04,47%,2.91,61%,1.15,25%,78%,0.6
"5' 3""",135 lbs.,"66""",Orthodox,"Sep 26, 1984",3.43,41%,3.35,64%,0.77,31%,81%,0.0
"5' 6""",135 lbs.,"64""",Orthodox,"Sep 07, 1986",4.19,39%,5.44,58%,1.37,25%,60%,1.4
"6' 2""",185 lbs.,"76""",Orthodox,"Aug 10, 1983",2.79,48%,2.43,56%,3.58,54%,78%,1.0
"5' 9""",185 lbs.,"71""",Southpaw,"Feb 02, 1978",3.02,45%,3.32,53%,1.86,48%,82%,0.5
"5' 11""",170 lbs.,"72""",Orthodox,"Dec 22, 1986",3.42,39%,2.71,58%,0.59,33%,66%,0.3
"6' 0""",170 lbs.,"74""",Orthodox,"Sep 18, 1975",2.74,45%,2.84,60%,1.80,35%,70%,1.5
"5' 6""",135 lbs.,"64""",Orthodox,"Nov 09, 1989",5.67,51%,3.38,63%,4.00,66%,92%,0.0
"5' 8""",135 lbs.,"68""",Orthodox,"Aug 04, 1984",2.43,33%,3.43,54%,2.62,26%,80%,0.8
"6' 2""",205 lbs.,"79""",Orthodox,"Nov 18, 1988",3.11,44%,2.96,52%,2.67,36%,100%,0.7
"6' 3""",240 lbs.,"76""",Orthodox,"Jul 03, 1987",3.90,46%,4.10,48%,0.00,0%,64%,0.0
"5' 8""",145 lbs.,"71""",Orthodox,"May 25, 1986",3.08,40%,2.71,60%,1.17,36%,64%,0.4
"5' 6""",145 lbs.,"70""",Orthodox,"Mar 04, 1985",3.89,37%,3.64,63%,1.90,52%,50%,0.2
"5' 1""",115 lbs.,"62""",Orthodox,"Sep 25, 1991",6.42,51%,4.94,51%,3.24,58%,75%,0.5
"5' 1""",115 lbs.,"60""",Orthodox,"Aug 16, 1989",4.74,49%,2.98,66%,0.95,22%,42%,0.1
"5' 10""",205 lbs.,"73""",Orthodox,"Jul 28, 1983",2.37,42%,2.65,52%,2.33,37%,100%,0.7
"6' 3""",205 lbs.,"80""",Southpaw,"Apr 08, 1983",2.70,46%,2.54,46%,1.21,48%,63%,0.6
"5' 11""",170 lbs.,"76""",Orthodox,"Nov 29, 1985",3.63,42%,3.66,53%,0.00,0%,61%,0.3
"5' 10""",170 lbs.,"71""",Orthodox,"Sep 15, 1991",4.12,43%,4.77,59%,0.42,40%,64%,0.0
"5' 6""",135 lbs.,"66""",Switch,"Aug 19, 1986",5.65,48%,5.37,54%,1.37,37%,84%,0.9
"5' 6""",135 lbs.,"70""",Orthodox,"Jan 31, 1987",3.76,35%,3.78,58%,1.39,43%,93%,0.5
"5' 6""",135 lbs.,"68""",Orthodox,"Jun 20, 1977",3.79,42%,2.49,69%,0.30,100%,57%,1.4
"5' 6""",135 lbs.,"66""",Orthodox,"Sep 24, 1980",2.37,44%,2.06,47%,4.67,64%,66%,0.5
"5' 3""",115 lbs.,"64""",Orthodox,"Jan 12, 1985",5.42,50%,5.07,62%,0.32,50%,72%,0.0
"5' 7""",115 lbs.,"67""",Orthodox,"Sep 08, 1991",3.15,24%,3.79,55%,0.20,20%,47%,0.6
"6' 0""",170 lbs.,"73""",Southpaw,"Nov 25, 1981",5.41,53%,3.48,60%,0.52,50%,62%,0.0
"6' 2""",170 lbs.,"77""",Orthodox,"Apr 13, 1983",3.35,50%,3.79,51%,0.25,40%,72%,1.1
"6' 2""",185 lbs.,"75""",Southpaw,"May 06, 1986",3.05,46%,3.19,54%,0.11,25%,84%,0.1
"6' 3""",205 lbs.,"74""",Orthodox,"Jul 14, 1988",3.42,62%,2.28,47%,0.00,0%,0%,0.0
"5' 6""",135 lbs.,"67""",Orthodox,"Sep 12, 1984",1.47,38%,1.47,50%,3.15,35%,22%,2.1
"5' 7""",135 lbs.,"70""",Orthodox,"Aug 13, 1986",1.75,40%,1.68,53%,2.11,45%,52%,0.8
"5' 6""",125 lbs.,"65""",Orthodox,"Mar 21, 1992",2.66,40%,2.38,61%,4.23,53%,100%,2.4
"5' 6""",125 lbs.,"68""",Orthodox,"Feb 02, 1991",3.17,46%,1.63,66%,2.50,43%,45%,0.2
"5' 10""",135 lbs.,"71""",Orthodox,"Jul 16, 1994",1.59,42%,2.52,64%,1.99,20%,0%,6.0
"5' 9""",135 lbs.,"72""",Orthodox,"May 25, 1991",3.81,35%,3.96,56%,0.91,35%,70%,0.2
"6' 1""",170 lbs.,"73""",Orthodox,"Mar 29, 1983",4.24,48%,4.09,54%,1.35,37%,71%,1.5
"5' 10""",170 lbs.,"75""",Orthodox,"Sep 07, 1987",4.39,36%,5.22,48%,0.15,33%,83%,0.6
"6' 3""",260 lbs.,"79""",Orthodox,"Feb 07, 1985",3.11,51%,1.73,48%,0.65,29%,57%,0.0
"6' 3""",249 lbs.,"78""",Orthodox,"Nov 09, 1985",3.75,51%,3.14,50%,1.03,54%,79%,0.2
"6' 3""",155 lbs.,"76""",Orthodox,"Feb 23, 1987",4.11,38%,3.02,62%,0.32,33%,56%,0.8
"5' 9""",155 lbs.,"70""",Southpaw,"Aug 24, 1978",3.28,45%,2.46,59%,1.22,47%,63%,0.5
"6' 2""",170 lbs.,"76""",Orthodox,"Dec 01, 1987",4.25,41%,3.12,64%,0.68,100%,60%,0.0
"5' 9""",170 lbs.,"70""",Orthodox,"Oct 03, 1983",3.60,41%,3.14,63%,0.78,68%,63%,0.4
"5' 10""",145 lbs.,"72""",Orthodox,"May 08, 1990",6.36,33%,4.69,69%,0.33,50%,84%,0.0
"5' 10""",145 lbs.,"70""",Orthodox,"May 29, 1990",5.17,31%,6.37,56%,1.50,13%,100%,0.0
"6' 0""",155 lbs.,"71""",Orthodox,"Mar 01, 1996",3.66,51%,2.11,58%,1.81,32%,35%,0.5
"5' 10""",155 lbs.,"72""",Orthodox,"Feb 27, 1987",3.01,42%,4.48,49%,1.77,80%,82%,0.4
"5' 9""",155 lbs.,"74""",Orthodox,"Jan 18, 1985",3.86,38%,3.08,53%,0.35,11%,62%,1.0
"5' 9""",155 lbs.,"68""",Orthodox,"Sep 06, 1988",6.68,50%,2.92,68%,3.41,42%,100%,0.0
"5' 11""",170 lbs.,"75""",Southpaw,"Aug 28, 1990",5.70,51%,1.90,75%,0.00,0%,66%,3.2
"6' 2""",170 lbs.,"78""",Orthodox,"Jun 24, 1991",3.15,26%,6.39,54%,0.00,0%,0%,0.7
"5' 6""",125 lbs.,"66""",Orthodox,"Mar 05, 1986",0.69,44%,2.25,51%,10.40,100%,0%,2.6
"5' 6""",125 lbs.,"68""",Orthodox,"Jun 24, 1991",3.12,34%,2.45,64%,1.18,83%,38%,0.5
"5' 8""",135 lbs.,"67""",Orthodox,"Jun 13, 1994",5.04,44%,4.07,57%,0.00,0%,76%,0.7
"5' 7""",135 lbs.,"67""",,"Apr 30, 1988",1.65,36%,2.93,46%,0.94,18%,14%,1.2
"5' 11""",170 lbs.,"72""",Orthodox,"Aug 16, 1990",4.27,41%,2.78,64%,0.00,0%,50%,0.5
"5' 10""",170 lbs.,"72""",Orthodox,"Apr 10, 1980",2.69,43%,3.13,51%,2.53,36%,72%,0.3
"6' 0""",185 lbs.,"76""",Southpaw,"Jan 24, 1990",4.32,63%,1.48,67%,0.89,33%,0%,2.7
"6' 2""",185 lbs.,"76""",Orthodox,"Jul 03, 1986",4.21,44%,8.95,22%,0.00,0%,0%,0.0
"6' 0""",185 lbs.,"73""",Southpaw,"Apr 30, 1977",3.06,52%,2.34,64%,1.87,32%,77%,0.0
"6' 3""",185 lbs.,"77""",Southpaw,"Oct 17, 1984",4.29,48%,2.32,58%,0.71,40%,68%,1.2
"6' 4""",265 lbs.,"80""",Orthodox,"Feb 18, 1991",4.49,49%,2.63,56%,7.29,54%,25%,0.0
"5' 10""",265 lbs.,"72""",Orthodox,"Mar 23, 1974",2.91,44%,2.87,51%,0.54,55%,63%,0.2
"6' 2""",264 lbs.,"75""",Southpaw,"Mar 16, 1993",8.72,68%,1.89,56%,0.00,0%,100%,0.0
"6' 0""",247 lbs.,"74""",Orthodox,"Dec 24, 1985",3.35,39%,5.82,35%,4.41,62%,100%,0.9
"5' 11""",170 lbs.,"73""",Orthodox,"Aug 19, 1994",3.01,47%,2.21,56%,2.43,40%,64%,0.8
"6' 0""",170 lbs.,"71""",Orthodox,"Mar 20, 1988",4.58,42%,3.36,58%,1.35,32%,56%,0.0
"6' 3""",205 lbs.,"79""",Orthodox,"Sep 17, 1991",2.58,58%,2.46,49%,1.10,66%,53%,1.1
"6' 1""",205 lbs.,"78""",Orthodox,"Oct 14, 1986",3.81,29%,6.10,45%,2.54,28%,100%,0.0
"5' 11""",155 lbs.,"70""",Orthodox,"Sep 09, 1988",3.77,45%,4.53,53%,1.67,60%,33%,0.0
"5' 10""",155 lbs.,"68""",Orthodox,"Dec 25, 1984",3.66,38%,4.86,50%,0.68,27%,53%,0.7
"6' 2""",185 lbs.,"80""",Switch,"Jul 22, 1989",6.03,69%,2.55,52%,0.00,0%,80%,0.0
"6' 3""",185 lbs.,"80""",Orthodox,"Feb 22, 1992",2.74,50%,5.66,39%,4.47,25%,0%,0.0
"5' 6""",145 lbs.,"71""",Orthodox,"Sep 29, 1988",5.91,61%,1.62,71%,4.46,51%,81%,0.0
"5' 11""",145 lbs.,"71""",Orthodox,"Sep 16, 1992",2.22,46%,2.58,47%,5.73,52%,66%,0.0
"5' 5""",125 lbs.,"67""",Orthodox,"Apr 14, 1985",1.35,37%,2.19,65%,1.84,37%,85%,0.7
"5' 5""",125 lbs.,"65""",Switch,"Aug 03, 1988",3.82,41%,3.30,54%,0.33,33%,66%,1.3
"5' 8""",155 lbs.,"69""",Orthodox,"Sep 26, 1984",3.59,40%,3.80,63%,0.79,38%,75%,0.0
"5' 7""",155 lbs.,"67""",Orthodox,"May 05, 1981",3.66,40%,3.70,53%,1.55,50%,60%,0.0
"5' 8""",135 lbs.,"69""",,"Jul 28, 1990",3.26,44%,2.32,68%,2.88,50%,57%,1.0
"5' 7""",135 lbs.,"69""",Southpaw,"Jul 23, 1991",3.21,45%,3.35,54%,0.54,18%,32%,0.0
"5' 11""",170 lbs.,"72""",Orthodox,"Feb 12, 1988",3.38,49%,3.51,54%,0.33,100%,91%,0.0
"5' 11""",170 lbs.,"71""",Orthodox,"Nov 27, 1991",4.20,35%,3.53,59%,0.50,50%,0%,0.0
"6' 1""",185 lbs.,"74""",Southpaw,"May 30, 1978",2.61,53%,1.59,61%,1.23,65%,75%,0.4
"6' 1""",185 lbs.,"75""",Southpaw,"Apr 21, 1987",3.12,54%,2.47,45%,2.10,35%,66%,0.0
"5' 5""",125 lbs.,"67""",Southpaw,"Mar 07, 1988",3.31,52%,2.38,57%,1.82,54%,73%,0.5
"5' 7""",125 lbs.,"65""",Orthodox,"Aug 19, 1988",0.21,16%,10.09,15%,0.00,0%,0%,0.0
"5' 6""",155 lbs.,"67""",Orthodox,"Jul 25, 1981",2.54,47%,2.38,59%,4.28,38%,47%,0.7
"5' 10""",155 lbs.,"73""",Southpaw,"Oct 11, 1989",3.04,46%,2.47,65%,1.67,50%,70%,0.0
"6' 3""",265 lbs.,"77""",Southpaw,"Mar 13, 1985",3.43,45%,3.08,44%,1.09,24%,69%,0.0
"6' 3""",249 lbs.,"75""",Orthodox,"Sep 15, 1992",5.49,66%,4.61,48%,0.88,100%,100%,0.9
"5' 7""",135 lbs.,"68""",Orthodox,"Jun 22, 1985",3.92,36%,4.08,61%,0.89,57%,68%,0.0
"5' 8""",135 lbs.,"70""",Switch,"Dec 02, 1992",3.07,42%,4.03,52%,0.46,30%,74%,1.2
"6' 0""",185 lbs.,"76""",Orthodox,"Jan 07, 1984",4.56,48%,2.02,66%,0.42,25%,70%,0.0
"6' 4""",185 lbs.,"76""",Orthodox,"Jul 26, 1988",3.11,44%,4.00,45%,0.51,30%,46%,0.9
"6' 0""",170 lbs.,"72""",Orthodox,"Jul 23, 1982",2.81,45%,3.51,62%,0.99,29%,75%,0.4
"6' 2""",170 lbs.,"75""",Orthodox,"Feb 20, 1984",4.71,44%,3.22,63%,0.66,44%,63%,0.2
"5' 11""",155 lbs.,"74""",Southpaw,"Jul 19, 1983",1.89,43%,1.82,50%,4.69,44%,75%,0.4
"5' 9""",155 lbs.,"70""",Orthodox,"Aug 08, 1986",1.56,45%,2.91,50%,0.00,0%,31%,0.5
"5' 5""",115 lbs.,"67""",Orthodox,"Jun 14, 1992",3.13,66%,1.57,45%,3.91,50%,0%,11.7
"5' 4""",115 lbs.,"62""",Orthodox,"Mar 19, 1982",1.57,54%,3.13,33%,3.91,100%,50%,0.0
"5' 9""",135 lbs.,"71""",Southpaw,"Aug 04, 1980",2.76,45%,2.51,50%,1.40,61%,60%,0.7
"5' 6""",135 lbs.,"65""",Orthodox,"Mar 22, 1987",3.36,41%,5.37,67%,0.85,21%,70%,1.9
"5' 5""",125 lbs.,"68""",Orthodox,"Dec 18, 1987",1.94,49%,1.59,55%,2.17,55%,41%,4.3
"5' 6""",125 lbs.,"69""",Switch,"Aug 22, 1994",1.56,38%,2.44,51%,0.00,0%,0%,1.1
"6' 1""",185 lbs.,"72""",Orthodox,"Dec 07, 1979",2.28,44%,2.19,63%,3.35,44%,58%,1.8
"6' 1""",185 lbs.,"77""",Southpaw,"Jan 04, 1984",3.16,45%,2.55,50%,2.88,32%,100%,0.6
"5' 11""",145 lbs.,"74""",Orthodox,"Jun 25, 1990",3.90,37%,3.64,55%,2.91,45%,67%,0.1
"5' 6""",145 lbs.,"66""",Orthodox,"Dec 13, 1986",4.59,46%,3.20,58%,3.60,38%,82%,1.1
"5' 9""",155 lbs.,"71""",Orthodox,"Nov 13, 1986",3.77,48%,2.78,55%,5.49,37%,0%,0.6
"5' 10""",155 lbs.,"72""",Orthodox,"Sep 25, 1987",1.42,36%,3.26,50%,1.38,28%,20%,1.4
"5' 8""",170 lbs.,"70""",Southpaw,"Oct 19, 1988",4.53,38%,4.53,54%,0.90,13%,59%,0.2
"5' 10""",170 lbs.,"73""",Orthodox,"May 18, 1989",6.56,45%,7.62,54%,1.67,55%,80%,0.0
"5' 10""",155 lbs.,"71""",Orthodox,"Sep 09, 1986",5.00,48%,3.87,63%,1.03,25%,71%,0.2
"5' 10""",155 lbs.,"71""",Southpaw,"Oct 04, 1988",2.32,40%,2.98,45%,0.64,50%,79%,1.1
"5' 8""",145 lbs.,"70""",Orthodox,"Feb 16, 1991",3.14,49%,1.20,67%,4.02,53%,100%,0.5
"5' 7""",145 lbs.,"73""",Orthodox,"Jul 02, 1987",2.32,38%,3.23,47%,0.37,7%,35%,1.5
"5' 9""",125 lbs.,"68""",Orthodox,"Dec 28, 1988",4.00,30%,3.80,64%,0.00,0%,57%,0.2
"5' 6""",125 lbs.,"69""",Orthodox,"Jun 03, 1986",4.58,37%,3.80,73%,1.68,50%,100%,0.8
"5' 4""",115 lbs.,"63""",Orthodox,"Aug 10, 1985",3.07,41%,3.16,62%,1.64,30%,53%,0.3
"5' 5""",115 lbs.,"65""",Orthodox,"Mar 15, 1982",1.94,44%,2.11,55%,1.72,31%,70%,0.0
"5' 7""",125 lbs.,"72""",Orthodox,"Oct 18, 1989",4.27,33%,4.97,59%,0.00,0%,0%,0.0
"5' 5""",125 lbs.,"64""",Orthodox,"Apr 13, 1988",4.32,50%,4.18,58%,1.00,30%,55%,0.2
"5' 10""",155 lbs.,"72""",Orthodox,"Nov 23, 1982",3.54,42%,2.89,54%,5.01,62%,16%,0.3
"5' 8""",155 lbs.,"69""",,"Feb 05, 1989",3.07,33%,3.20,64%,0.00,0%,65%,0.3
"6' 0""",170 lbs.,"76""",Orthodox,"Sep 29, 1989",2.53,29%,4.03,57%,1.30,27%,83%,2.2
"6' 0""",170 lbs.,"73""",Orthodox,"Mar 13, 1981",3.60,39%,2.46,57%,1.39,20%,40%,0.7
"5' 11""",145 lbs.,"70""",Switch,"Apr 20, 1992",9.09,54%,3.64,64%,1.70,100%,0%,0.0
"6' 0""",145 lbs.,"72""",Orthodox,"Oct 22, 1991",5.76,37%,8.99,64%,0.63,100%,0%,0.6
"6' 4""",240 lbs.,"80""",Orthodox,"Aug 19, 1982",4.75,51%,2.88,63%,2.35,37%,75%,0.0
"6' 4""",250 lbs.,"83""",Orthodox,"Sep 05, 1986",2.12,36%,2.14,42%,0.00,0%,66%,0.6
"5' 11""",205 lbs.,"72""",Orthodox,"Mar 20, 1979",3.84,49%,2.47,58%,1.89,42%,80%,0.5
"6' 2""",205 lbs.,"75""",Orthodox,"Sep 19, 1989",5.91,47%,5.14,56%,0.00,0%,71%,0.0
"5' 11""",145 lbs.,"72""",Orthodox,"Mar 26, 1988",6.27,45%,6.34,58%,1.17,50%,100%,0.0
"5' 11""",145 lbs.,"75""",Orthodox,"Mar 19, 1991",6.49,46%,5.29,66%,0.57,100%,94%,0.0
"6' 3""",205 lbs.,"76""",Orthodox,"Aug 18, 1985",4.22,44%,5.44,55%,0.63,24%,82%,0.0
"6' 1""",205 lbs.,"75""",Orthodox,"Feb 28, 1980",2.77,52%,3.07,59%,2.22,24%,83%,0.0
"5' 8""",135 lbs.,"71""",Orthodox,"Jun 25, 1987",5.28,43%,3.72,65%,1.46,29%,33%,1.2
"5' 7""",135 lbs.,"70""",Southpaw,"Jul 31, 1991",5.66,45%,4.65,64%,0.00,0%,75%,0.0
"5' 7""",145 lbs.,"70""",Orthodox,"Feb 05, 1987",2.48,32%,3.77,62%,1.25,21%,65%,0.0
"5' 10""",145 lbs.,"72""",Orthodox,"May 08, 1990",6.36,33%,4.69,69%,0.33,50%,84%,0.0
"5' 10""",170 lbs.,"73""",Orthodox,"Aug 11, 1985",4.13,44%,4.17,59%,0.59,33%,50%,0.0
"6' 0""",170 lbs.,"72""",Orthodox,"Oct 19, 1988",4.98,48%,6.91,47%,2.80,50%,66%,0.0
"5' 5""",125 lbs.,"65""",Orthodox,"Dec 25, 1988",2.93,44%,2.25,56%,3.08,35%,54%,0.1
"5' 5""",125 lbs.,"67""",Orthodox,"Apr 16, 1990",4.12,46%,3.53,57%,1.06,60%,57%,1.8
"5' 7""",145 lbs.,"70""",Southpaw,"Oct 27, 1989",5.96,41%,2.43,69%,0.00,0%,92%,0.0
"5' 7""",145 lbs.,"71""",Orthodox,"Aug 06, 1991",3.14,38%,3.28,64%,2.64,26%,50%,1.6
"5' 7""",145 lbs.,"70""",,"Apr 28, 1989",3.55,42%,2.32,70%,5.40,49%,66%,0.2
"5' 10""",145 lbs.,"70""",Orthodox,"Dec 28, 1984",4.63,41%,4.22,59%,0.94,50%,58%,0.5
"5' 10""",155 lbs.,"70""",Orthodox,"Oct 27, 1991",2.33,63%,0.74,65%,4.46,85%,100%,1.1
"5' 10""",155 lbs.,"71""",Southpaw,"Oct 07, 1983",1.95,33%,2.37,63%,4.29,54%,92%,0.9
"5' 8""",145 lbs.,"71""",Orthodox,"May 25, 1986",3.08,40%,2.71,60%,1.17,36%,64%,0.4
"5' 10""",145 lbs.,"70""",Orthodox,"Apr 10, 1991",5.64,53%,6.26,54%,0.55,20%,50%,0.0
"5' 5""",125 lbs.,"64""",Orthodox,"Nov 28, 1987",5.20,57%,3.97,54%,2.00,66%,60%,1.0
"5' 4""",115 lbs.,"65""",Orthodox,"Mar 26, 1994",3.47,51%,2.72,43%,1.41,34%,40%,0.7
"6' 0""",170 lbs.,"76""",Switch,"May 11, 1987",3.94,54%,1.57,62%,4.99,47%,0%,0.4
"5' 11""",170 lbs.,"74""",Switch,"Aug 20, 1988",2.67,40%,2.80,33%,0.50,50%,54%,1.5
"5' 10""",145 lbs.,"71""",Orthodox,"May 16, 1984",3.14,36%,2.40,56%,2.76,36%,50%,1.5
"5' 10""",155 lbs.,"73""",Southpaw,"Jun 04, 1986",4.13,36%,4.03,57%,0.61,50%,79%,0.1
"6' 2""",155 lbs.,"73""",Orthodox,"Jun 04, 1986",4.36,46%,4.18,62%,1.25,19%,48%,0.8
"6' 0""",155 lbs.,"71""",Southpaw,"Oct 22, 1988",3.87,40%,2.75,64%,0.90,45%,70%,0.2
"5' 11""",155 lbs.,"71""",,"Nov 07, 1984",6.69,39%,4.59,65%,0.00,0%,40%,0.0
"5' 9""",155 lbs.,"71""",Orthodox,"Jun 11, 1990",3.04,34%,3.78,53%,3.15,50%,100%,3.1
"5' 9""",135 lbs.,"68""",Orthodox,"Mar 26, 1988",5.82,40%,7.11,57%,0.67,66%,95%,0.0
"5' 4""",135 lbs.,"68""",Orthodox,"Mar 04, 1987",2.27,38%,4.25,57%,2.01,22%,50%,0.5
"5' 9""",135 lbs.,"72""",Orthodox,"Sep 09, 1987",1.93,43%,1.58,56%,2.59,68%,77%,1.6
"5' 6""",135 lbs.,"68""",Southpaw,"Dec 19, 1979",3.23,52%,1.80,57%,3.38,54%,88%,0.0
"5' 6""",125 lbs.,"66""",Orthodox,"Jul 27, 1986",3.27,37%,3.31,58%,0.54,80%,60%,0.9
"5' 7""",125 lbs.,--,Switch,"Jul 23, 1986",2.12,51%,1.56,48%,0.84,50%,20%,0.8
"5' 5""",115 lbs.,"67""",Southpaw,"Sep 29, 1992",4.07,38%,4.13,63%,0.33,20%,42%,0.0
"5' 0""",115 lbs.,"60""",Orthodox,"Oct 25, 1989",2.87,29%,2.85,74%,0.25,25%,75%,0.0
"5' 8""",145 lbs.,"69""",Orthodox,"Mar 06, 1994",1.13,46%,2.91,39%,1.70,42%,22%,0.6
"5' 10""",145 lbs.,"69""",Orthodox,"Jul 28, 1989",3.55,49%,2.78,41%,2.74,50%,58%,1.1
"5' 8""",145 lbs.,"68""",Orthodox,"Jul 09, 1985",7.02,52%,1.79,70%,0.85,62%,91%,0.3
"5' 8""",145 lbs.,"69""",Southpaw,"Oct 17, 1981",2.79,32%,2.90,57%,0.21,18%,78%,0.0
"5' 10""",155 lbs.,"70""",Orthodox,"Sep 20, 1988",4.11,50%,1.52,70%,5.85,45%,83%,0.5
"5' 11""",155 lbs.,"75""",Orthodox,"Jan 21, 1986",3.79,40%,3.73,62%,0.54,53%,83%,0.1
"6' 0""",155 lbs.,"75""",Switch,"Feb 13, 1990",3.71,42%,4.39,56%,0.58,42%,77%,0.4
"5' 10""",155 lbs.,"73""",Orthodox,"Mar 16, 1993",2.38,39%,1.93,56%,2.65,36%,57%,0.0
"5' 1""",115 lbs.,"63""",,"Oct 10, 1987",2.40,37%,2.86,58%,4.27,35%,77%,0.6
"5' 4""",115 lbs.,"64""",Orthodox,"Jul 13, 1987",3.29,37%,3.29,65%,1.59,50%,69%,2.5
"6' 3""",170 lbs.,"80""",Orthodox,"Aug 03, 1987",3.84,48%,2.05,56%,2.89,48%,59%,0.3
"6' 2""",170 lbs.,"75""",Orthodox,"Apr 26, 1984",3.70,39%,2.40,57%,0.55,52%,38%,1.1
"6' 0""",205 lbs.,"74""",Southpaw,"Feb 22, 1995",5.07,58%,3.47,71%,2.00,66%,0%,0.0
"6' 1""",205 lbs.,"76""",Southpaw,"Feb 26, 1990",2.18,32%,3.21,39%,0.00,0%,50%,0.4
"5' 10""",145 lbs.,"73""",Orthodox,"Oct 31, 1988",2.66,40%,1.34,73%,2.58,55%,50%,0.3
"6' 0""",145 lbs.,"70""",Southpaw,"Apr 12, 1989",4.43,45%,4.30,52%,1.00,16%,72%,0.2
"6' 0""",185 lbs.,"74""",Southpaw,"Sep 20, 1993",3.52,42%,2.71,68%,1.52,50%,72%,1.2
"6' 0""",185 lbs.,"73""",Orthodox,"Oct 12, 1987",3.01,33%,2.91,57%,2.89,51%,53%,0.3
"5' 6""",125 lbs.,"66""",,"Jan 06, 1993",4.00,52%,2.46,69%,2.07,66%,100%,1.7
"5' 9""",125 lbs.,"68""",Orthodox,"Jul 16, 1991",3.88,45%,3.39,52%,1.60,34%,31%,2.2
"5' 7""",135 lbs.,"66""",Southpaw,"Dec 24, 1986",3.41,45%,2.30,62%,4.26,65%,50%,1.4
"5' 6""",135 lbs.,"65""",Orthodox,"Aug 31, 1994",0.30,50%,1.80,50%,0.00,0%,0%,0.0
"5' 8""",170 lbs.,"70""",Southpaw,"Oct 26, 1984",3.67,44%,3.11,64%,2.14,40%,66%,0.7
"5' 11""",170 lbs.,"74""",Southpaw,"Mar 20, 1982",3.56,44%,3.99,60%,0.72,65%,69%,0.0
"5' 6""",145 lbs.,"70""",Orthodox,"Mar 04, 1985",3.89,37%,3.64,63%,1.90,52%,50%,0.2
"5' 8""",145 lbs.,"71""",Orthodox,"May 21, 1982",2.77,43%,2.52,58%,1.67,32%,47%,1.0
"6' 0""",170 lbs.,"73""",Orthodox,"Sep 26, 1986",4.23,38%,4.01,62%,0.64,44%,57%,0.0
"5' 10""",170 lbs.,"71""",Orthodox,"Sep 15, 1991",4.12,43%,4.77,59%,0.42,40%,64%,0.0
"6' 2""",205 lbs.,"76""",Orthodox,"Oct 28, 1979",3.73,43%,3.61,57%,2.39,51%,59%,0.8
"6' 3""",205 lbs.,"77""",Orthodox,"Feb 27, 1987",4.53,51%,2.63,66%,4.44,56%,50%,1.5
"6' 2""",205 lbs.,"78""",Orthodox,"Feb 24, 1983",3.39,49%,3.28,50%,1.65,64%,54%,0.3
"5' 11""",205 lbs.,"77""",Switch,"Mar 16, 1984",3.61,52%,2.74,68%,0.24,33%,27%,0.0
"6' 2""",185 lbs.,"75""",Orthodox,"May 08, 1990",4.46,50%,3.33,49%,0.00,0%,61%,4.0
"6' 0""",185 lbs.,"74""",Orthodox,"Dec 30, 1990",2.75,47%,2.75,48%,3.22,42%,50%,0.0
"5' 10""",170 lbs.,"71""",,"Jul 23, 1986",4.87,42%,3.62,65%,1.13,60%,78%,0.0
"5' 11""",170 lbs.,"72""",Switch,"May 22, 1982",3.63,45%,3.63,54%,2.37,100%,50%,0.0
"6' 1""",170 lbs.,"74""",Orthodox,"Jun 10, 1981",3.30,54%,1.96,69%,2.45,78%,72%,0.0
"6' 1""",170 lbs.,"74""",Southpaw,"Jul 14, 1987",4.06,39%,3.89,57%,0.00,0%,55%,0.3
"5' 8""",155 lbs.,"68""",Orthodox,"May 03, 1985",5.17,50%,3.75,71%,0.00,0%,87%,0.0
"5' 8""",155 lbs.,"70""",Orthodox,"Sep 18, 1983",2.65,41%,2.31,59%,2.18,45%,40%,0.4
"6' 0""",185 lbs.,"74""",Orthodox,"Dec 12, 1989",3.37,41%,2.86,61%,1.90,50%,76%,0.0
"5' 11""",185 lbs.,"78""",Switch,"Aug 04, 1987",2.45,48%,2.70,55%,0.94,33%,37%,0.0
"6' 0""",170 lbs.,"73""",Orthodox,"Oct 10, 1989",3.66,44%,2.71,69%,1.38,55%,66%,0.2
"6' 0""",170 lbs.,"74""",Orthodox,"Jun 21, 1984",2.50,48%,4.18,49%,0.85,35%,56%,1.4
"5' 8""",145 lbs.,"69""",Switch,"Feb 21, 1991",3.65,32%,5.27,56%,0.22,14%,58%,1.8
"5' 8""",145 lbs.,"70""",Orthodox,"Nov 02, 1983",4.21,50%,3.23,62%,1.25,52%,57%,0.6
"5' 8""",145 lbs.,"71""",Southpaw,"Jun 15, 1988",4.14,42%,2.60,73%,0.00,0%,56%,1.6
"5' 10""",145 lbs.,"71""",Orthodox,"Jul 14, 1992",3.51,34%,3.54,51%,1.77,32%,52%,2.1
"5' 6""",135 lbs.,"67""",Orthodox,"Apr 26, 1988",3.09,32%,2.86,64%,0.48,25%,60%,0.5
"5' 7""",135 lbs.,"71""",Orthodox,"Jul 31, 1989",3.63,48%,1.38,68%,2.15,41%,52%,0.9
"5' 9""",155 lbs.,"69""",Orthodox,"Sep 30, 1983",4.33,50%,3.43,56%,3.08,60%,57%,0.3
"5' 10""",155 lbs.,"70""",Southpaw,"Jul 28, 1987",2.04,47%,4.32,37%,0.39,100%,47%,0.8
"6' 1""",185 lbs.,"75""",Southpaw,"Apr 21, 1987",3.12,54%,2.47,45%,2.10,35%,66%,0.0
"6' 1""",185 lbs.,"73""",Orthodox,"Jun 22, 1988",2.00,50%,5.27,43%,2.00,40%,50%,1.0
"5' 10""",135 lbs.,"73""",Switch,"Apr 06, 1994",5.17,45%,5.33,60%,0.00,0%,84%,0.5
"5' 9""",135 lbs.,"72""",Orthodox,"May 25, 1991",3.81,35%,3.96,56%,0.91,35%,70%,0.2
"5' 6""",125 lbs.,"68""",Orthodox,"Oct 04, 1984",4.12,46%,4.17,53%,0.78,37%,34%,1.2
"5' 6""",125 lbs.,"66""",Orthodox,"Feb 19, 1984",3.27,55%,2.66,60%,2.94,50%,66%,0.2
"5' 9""",135 lbs.,"70""",Orthodox,"Oct 23, 1988",2.62,40%,3.64,58%,1.17,50%,80%,0.0
"5' 6""",135 lbs.,"67""",Southpaw,"Dec 12, 1985",7.97,57%,3.29,63%,0.84,33%,33%,0.8
"5' 6""",125 lbs.,"65""",Orthodox,"Mar 21, 1992",2.66,40%,2.38,61%,4.23,53%,100%,2.4
"5' 5""",125 lbs.,"71""",Southpaw,"Aug 28, 1996",1.74,37%,3.93,44%,1.37,33%,66%,0.0
"5' 6""",135 lbs.,"66""",Orthodox,"Aug 12, 1980",3.93,45%,3.11,54%,1.47,30%,62%,0.1
"5' 6""",135 lbs.,"68""",Orthodox,"Jan 10, 1991",3.13,39%,3.87,45%,11.00,47%,100%,0.0
"5' 6""",135 lbs.,"67""",Orthodox,"Sep 02, 1989",3.59,38%,2.86,64%,0.61,20%,66%,0.2
"5' 9""",135 lbs.,"71""",Southpaw,"Aug 04, 1980",2.76,45%,2.51,50%,1.40,61%,60%,0.7
"5' 8""",170 lbs.,"70""",Orthodox,"Nov 05, 1986",3.48,36%,3.29,55%,2.90,50%,0%,0.6
"5' 8""",155 lbs.,"68""",Orthodox,"Jun 16, 1986",5.39,54%,5.18,53%,0.00,0%,59%,0.0
"6' 0""",185 lbs.,"74""",Orthodox,"Aug 06, 1992",5.45,66%,1.13,76%,3.69,100%,66%,0.0
"6' 3""",185 lbs.,"77""",Orthodox,"Oct 29, 1987",1.36,33%,3.92,45%,3.07,37%,0%,0.5
"5' 11""",145 lbs.,"69""",Orthodox,"Dec 04, 1991",6.20,43%,3.90,65%,0.28,80%,83%,0.5
"5' 7""",145 lbs.,"70""",Orthodox,"Sep 09, 1986",3.46,44%,2.91,67%,0.74,68%,92%,0.2
"6' 4""",250 lbs.,"83""",Orthodox,"Sep 05, 1986",2.12,36%,2.14,42%,0.00,0%,66%,0.6
"6' 4""",265 lbs.,"80""",Orthodox,"May 17, 1980",3.67,61%,1.88,62%,1.46,62%,76%,1.0
"5' 4""",125 lbs.,"64""",Orthodox,"Feb 09, 1987",3.78,43%,2.44,71%,2.44,38%,100%,0.1
"5' 6""",125 lbs.,"69""",Orthodox,"Aug 18, 1993",3.62,36%,2.56,66%,1.09,39%,64%,0.5
"5' 9""",155 lbs.,"69""",Orthodox,"Jan 11, 1984",4.44,41%,4.28,55%,3.14,38%,92%,0.4
"5' 11""",155 lbs.,--,Orthodox,"Nov 14, 1988",9.50,54%,10.34,55%,0.00,0%,60%,0.0
"5' 1""",115 lbs.,"60""",Orthodox,"Aug 16, 1989",4.74,49%,2.98,66%,0.95,22%,42%,0.1
"5' 3""",115 lbs.,"62""",Orthodox,"Jan 06, 1986",2.93,57%,2.97,49%,2.60,90%,54%,2.1
"5' 11""",155 lbs.,"70""",Orthodox,"Apr 25, 1984",3.49,43%,2.80,52%,0.40,37%,60%,0.4
"5' 10""",155 lbs.,"74""",Orthodox,"Oct 17, 1989",2.97,50%,3.04,51%,2.87,41%,58%,2.8
"5' 10""",170 lbs.,"75""",Orthodox,"Sep 07, 1987",4.39,36%,5.22,48%,0.15,33%,83%,0.6
"5' 11""",170 lbs.,"76""",Orthodox,"Feb 21, 1988",3.11,53%,2.12,46%,3.32,35%,60%,0.9
"5' 9""",155 lbs.,"73""",,"May 01, 1989",4.81,45%,3.17,55%,1.40,33%,75%,0.0
"5' 9""",155 lbs.,"70""",Orthodox,"Mar 09, 1988",3.24,50%,2.40,63%,2.33,43%,66%,0.0
"5' 4""",115 lbs.,"65""",Orthodox,"Sep 18, 1984",3.31,33%,4.10,54%,1.50,41%,60%,1.3
"5' 7""",115 lbs.,"67""",Orthodox,"May 05, 1987",4.76,39%,4.10,57%,0.37,66%,25%,0.2
"5' 3""",115 lbs.,"64""",Switch,"Oct 22, 1991",3.70,44%,3.29,49%,1.42,42%,20%,1.9
"5' 1""",115 lbs.,"65""",,"Aug 02, 1983",1.53,28%,4.92,42%,0.40,25%,28%,0.4
"5' 10""",170 lbs.,"73""",Orthodox,"Aug 11, 1985",4.13,44%,4.17,59%,0.59,33%,50%,0.0
"6' 0""",170 lbs.,"72""",Orthodox,"Oct 19, 1988",4.98,48%,6.91,47%,2.80,50%,66%,0.0
"6' 4""",205 lbs.,"77""",Southpaw,"Dec 26, 1989",7.02,65%,1.21,44%,3.63,100%,80%,3.6
"6' 0""",205 lbs.,"72""",Switch,"Jan 03, 1991",3.49,54%,4.30,50%,2.01,25%,50%,0.0
"6' 1""",264 lbs.,"78""",Southpaw,"Jul 19, 1987",4.22,54%,2.91,66%,2.56,75%,0%,0.0
"6' 3""",245 lbs.,"76""",Orthodox,"Nov 08, 1989",3.58,54%,2.33,60%,1.79,33%,100%,0.9
"5' 5""",125 lbs.,"65""",Southpaw,"Dec 16, 1988",7.44,40%,5.28,67%,1.80,50%,77%,0.6
"5' 7""",125 lbs.,"69""",,"Sep 24, 1982",3.94,30%,6.32,51%,1.07,11%,42%,0.3
"5' 11""",135 lbs.,"72""",Switch,"Oct 24, 1994",6.75,56%,4.06,66%,1.31,50%,61%,1.3
"5' 8""",135 lbs.,"71""",Orthodox,"Mar 31, 1986",4.93,33%,7.83,42%,0.00,0%,38%,0.0
"5' 7""",125 lbs.,"67""",Orthodox,"Jul 27, 1983",3.82,41%,3.58,59%,1.20,33%,65%,0.0
"5' 4""",125 lbs.,"65""",,"Aug 30, 1979",4.73,30%,3.93,70%,0.00,0%,0%,2.0
"6' 1""",185 lbs.,"77""",Southpaw,"Dec 18, 1987",3.38,44%,4.22,51%,2.24,30%,57%,1.5
"6' 1""",185 lbs.,"73""",Orthodox,"Sep 29, 1986",1.96,61%,2.45,55%,2.50,25%,0%,1.9
"5' 4""",125 lbs.,"68""",,"Nov 18, 1984",3.13,58%,3.27,58%,0.00,0%,0%,1.0
"5' 6""",125 lbs.,"66""",,"Jun 25, 1987",3.27,41%,3.13,41%,0.00,0%,100%,0.0
"5' 7""",135 lbs.,"71""",Orthodox,"Feb 21, 1992",3.48,54%,2.66,66%,6.89,70%,100%,1.0
"5' 6""",135 lbs.,"65""",Orthodox,"Mar 22, 1987",3.36,41%,5.37,67%,0.85,21%,70%,1.9
"5' 7""",125 lbs.,"68""",,"Feb 14, 1995",3.00,35%,5.00,41%,0.00,0%,0%,7.5
"5' 7""",125 lbs.,"69""",Orthodox,"Nov 08, 1985",5.00,58%,3.00,64%,7.50,100%,0%,0.0
"6' 3""",185 lbs.,"76""",Orthodox,"Aug 22, 1981",7.69,48%,5.53,59%,0.35,100%,58%,0.0
"6' 1""",185 lbs.,"74""",Orthodox,"Apr 08, 1988",4.81,49%,5.16,47%,3.56,44%,100%,0.0
"5' 3""",125 lbs.,"62""",,"Feb 25, 1991",1.80,23%,1.20,80%,9.00,100%,100%,9.0
"5' 4""",125 lbs.,"63""",,"Mar 09, 1989",1.20,20%,1.80,76%,0.00,0%,0%,0.0
"5' 6""",125 lbs.,"69""",,"Mar 30, 1989",4.31,35%,4.44,65%,0.00,0%,0%,0.0
"5' 6""",125 lbs.,"66""",,"Sep 16, 1990",4.44,34%,4.31,64%,0.00,0%,0%,0.0
"5' 5""",125 lbs.,"63""",,"May 17, 1995",0.91,33%,4.09,40%,6.82,100%,0%,6.8
"5' 5""",125 lbs.,"63""",,"May 24, 1991",4.09,60%,0.91,66%,0.00,0%,0%,0.0
"5' 9""",185 lbs.,"71""",Southpaw,"Oct 24, 1991",3.89,44%,2.73,62%,0.90,50%,58%,0.2
"6' 1""",185 lbs.,"75""",Orthodox,"Feb 28, 1979",4.33,38%,2.71,65%,1.05,43%,63%,0.3
"6' 0""",170 lbs.,"71""",Orthodox,"Mar 20, 1988",4.58,42%,3.36,58%,1.35,32%,56%,0.0
"5' 11""",170 lbs.,"72""",Orthodox,"Dec 22, 1986",3.42,39%,2.71,58%,0.59,33%,66%,0.3
"5' 9""",145 lbs.,"71""",Orthodox,"Mar 14, 1986",4.73,43%,3.27,60%,0.00,0%,0%,0.0
"5' 10""",145 lbs.,"73""",Southpaw,"Jun 20, 1988",3.75,48%,2.62,63%,0.60,81%,58%,0.9
"5' 9""",170 lbs.,"72""",Orthodox,"Jul 14, 1987",2.00,30%,3.22,61%,3.96,52%,55%,0.2
"5' 11""",170 lbs.,"69""",Orthodox,"Jun 09, 1984",1.20,37%,0.72,75%,0.00,0%,57%,0.0
"6' 1""",145 lbs.,"73""",Orthodox,"Mar 01, 1991",3.31,58%,1.76,57%,7.54,66%,71%,1.9
"5' 8""",145 lbs.,"72""",Orthodox,"Oct 11, 1990",1.24,58%,2.34,51%,0.00,0%,26%,0.0
"6' 0""",170 lbs.,"71""",Orthodox,"Mar 10, 1990",56.00,100%,4.00,66%,0.00,0%,0%,0.0
"6' 0""",170 lbs.,"74""",Orthodox,"Mar 26, 1990",3.42,37%,3.95,51%,2.37,33%,100%,1.6
"5' 5""",115 lbs.,"63""",Orthodox,"Jun 16, 1989",6.40,45%,3.47,61%,0.00,0%,66%,0.0
"5' 4""",115 lbs.,"65""",Orthodox,"Apr 11, 1991",3.89,43%,4.75,53%,2.00,57%,61%,0.6
"5' 8""",145 lbs.,"67""",Orthodox,"Dec 02, 1997",1.88,27%,0.70,90%,0.00,0%,100%,3.5
"5' 7""",135 lbs.,"72""",Orthodox,"Jun 20, 1987",0.70,10%,1.88,72%,0.00,0%,0%,0.0
"6' 3""",235 lbs.,"76""",Orthodox,"Sep 02, 1981",2.53,45%,2.53,58%,1.36,22%,77%,0.3
"6' 4""",250 lbs.,"78""",Orthodox,"Nov 16, 1989",6.25,42%,5.35,56%,0.00,0%,100%,0.0
"5' 6""",135 lbs.,"68""",Southpaw,"Aug 19, 1988",2.34,56%,1.79,55%,4.62,71%,25%,0.0
"5' 8""",135 lbs.,"66""",Orthodox,"Apr 18, 1996",1.47,43%,2.53,41%,1.00,50%,28%,0.0
"5' 8""",145 lbs.,"69""",Orthodox,"Aug 11, 1990",2.35,37%,2.95,52%,0.38,20%,64%,0.0
"5' 9""",145 lbs.,"69""",Orthodox,"Mar 01, 1989",1.13,28%,1.73,73%,4.00,36%,100%,0.0
"6' 0""",247 lbs.,"74""",Orthodox,"Dec 24, 1985",3.35,39%,5.82,35%,4.41,62%,100%,0.9
"6' 3""",242 lbs.,"72""",Orthodox,"Apr 07, 1995",1.06,44%,2.65,42%,0.00,0%,0%,2.0
"6' 4""",231 lbs.,"77""",Orthodox,"Jul 30, 1977",3.65,51%,2.43,57%,1.59,30%,33%,1.2
"6' 3""",249 lbs.,"78""",Orthodox,"Nov 09, 1985",3.75,51%,3.14,50%,1.03,54%,79%,0.2
"5' 5""",125 lbs.,"64""",Orthodox,"Nov 28, 1987",5.20,57%,3.97,54%,2.00,66%,60%,1.0
"5' 6""",125 lbs.,"64""",Orthodox,"Feb 11, 1989",4.18,42%,5.21,54%,0.86,40%,66%,0.4
"5' 11""",170 lbs.,"72""",Orthodox,"Jul 09, 1988",4.63,41%,4.51,56%,2.38,35%,85%,0.0
"6' 2""",170 lbs.,"75""",Orthodox,"Feb 20, 1984",4.71,44%,3.22,63%,0.66,44%,63%,0.2
"5' 11""",170 lbs.,"73""",Orthodox,"Aug 19, 1994",3.01,47%,2.21,56%,2.43,40%,64%,0.8
"6' 0""",170 lbs.,"76""",Southpaw,"Dec 18, 1988",2.18,34%,2.31,57%,0.67,25%,55%,0.5
"6' 1""",185 lbs.,"75""",Orthodox,"May 31, 1988",3.77,40%,1.88,56%,1.79,30%,53%,0.0
"6' 0""",185 lbs.,"70""",Southpaw,"Oct 31, 1977",3.69,39%,4.57,62%,1.93,34%,78%,0.3
"5' 6""",145 lbs.,"71""",Orthodox,"Sep 29, 1988",5.91,61%,1.62,71%,4.46,51%,81%,0.0
"5' 8""",150 lbs.,"72""",Orthodox,"Jul 31, 1993",1.20,22%,4.53,40%,1.00,100%,64%,0.0
"5' 5""",125 lbs.,"68""",Orthodox,"Aug 25, 1989",2.38,36%,3.20,59%,0.24,20%,62%,0.2
"5' 6""",125 lbs.,"67""",Southpaw,"Sep 15, 1985",1.95,43%,3.66,43%,0.54,16%,33%,0.0
"5' 8""",155 lbs.,"68""",Orthodox,"Aug 13, 1984",3.16,48%,2.93,47%,3.68,36%,44%,1.4
"5' 10""",155 lbs.,"72""",Orthodox,"Oct 08, 1986",4.26,59%,2.54,56%,2.08,51%,82%,0.3
"6' 2""",264 lbs.,"75""",Southpaw,"Mar 16, 1993",8.72,68%,1.89,56%,0.00,0%,100%,0.0
"6' 0""",245 lbs.,"76""",Orthodox,"Nov 27, 1981",3.96,49%,8.51,53%,0.00,0%,100%,0.0
"5' 10""",170 lbs.,"73""",Orthodox,"May 18, 1989",6.56,45%,7.62,54%,1.67,55%,80%,0.0
"5' 10""",155 lbs.,"68""",Orthodox,"Dec 25, 1984",3.66,38%,4.86,50%,0.68,27%,53%,0.7
"5' 5""",115 lbs.,"66""",Southpaw,"Nov 15, 1995",3.47,49%,3.00,35%,0.00,0%,42%,6.0
"5' 3""",115 lbs.,"63""",,"Oct 25, 1978",2.97,54%,5.03,50%,2.38,41%,57%,1.0
"5' 6""",125 lbs.,"68""",Orthodox,"Feb 02, 1991",3.17,46%,1.63,66%,2.50,43%,45%,0.2
"5' 5""",125 lbs.,"68""",Orthodox,"Aug 01, 1988",1.58,41%,3.69,53%,0.67,66%,60%,1.0
"6' 5""",250 lbs.,"81""",Orthodox,"Feb 05, 1992",2.80,44%,2.13,43%,0.00,0%,77%,0.0
"6' 5""",260 lbs.,"76""",Orthodox,"Apr 14, 1980",3.91,65%,3.02,45%,2.62,42%,78%,0.0
"5' 9""",155 lbs.,"72""",Southpaw,"Jan 19, 1989",5.08,50%,3.42,57%,1.99,45%,67%,1.3
"5' 10""",155 lbs.,"72""",Orthodox,"Jan 27, 1987",2.81,45%,2.82,56%,0.82,54%,58%,1.2
"6' 0""",170 lbs.,"75""",Orthodox,"Jan 10, 1981",3.78,53%,2.64,56%,1.57,46%,63%,1.6
"5' 10""",170 lbs.,"72""",Southpaw,"Dec 31, 1981",2.75,36%,2.99,57%,1.46,21%,50%,1.0
"6' 3""",240 lbs.,"77""",Orthodox,"Feb 04, 1979",3.23,42%,2.59,58%,0.56,37%,81%,0.4
"6' 3""",264 lbs.,"74""",Orthodox,"Mar 15, 1991",3.87,48%,6.22,54%,0.00,0%,100%,0.0
"6' 1""",185 lbs.,"78""",Southpaw,"Feb 15, 1985",1.87,41%,2.01,57%,2.59,63%,93%,0.5
"6' 0""",185 lbs.,"74""",Orthodox,"Apr 20, 1979",2.71,49%,2.32,55%,1.87,51%,70%,0.8
"5' 5""",135 lbs.,"66""",Orthodox,"Jul 19, 1982",3.37,40%,2.29,69%,1.36,33%,79%,0.3
"5' 7""",135 lbs.,"69""",Southpaw,"Jan 21, 1987",2.74,50%,3.02,56%,2.72,66%,60%,1.0
"5' 7""",155 lbs.,"70""",Orthodox,"Dec 08, 1981",2.32,32%,2.36,65%,3.45,37%,69%,0.7
"5' 10""",155 lbs.,"71""",Orthodox,"May 22, 1984",2.64,39%,5.02,56%,2.46,46%,54%,2.2
"5' 6""",135 lbs.,"67""",Orthodox,"Apr 26, 1988",3.09,32%,2.86,64%,0.48,25%,60%,0.5
"5' 3""",135 lbs.,"66""",Orthodox,"Sep 26, 1984",3.43,41%,3.35,64%,0.77,31%,81%,0.0
"5' 5""",115 lbs.,"67""",,"Dec 19, 1990",4.65,69%,0.75,48%,5.61,87%,0%,0.8
"5' 1""",115 lbs.,"63""",Orthodox,"Aug 28, 1993",2.62,35%,4.40,52%,0.33,100%,28%,0.3
"6' 0""",155 lbs.,"71""",Orthodox,"Mar 01, 1996",3.66,51%,2.11,58%,1.81,32%,35%,0.5
"5' 10""",155 lbs.,"73""",Orthodox,"Dec 22, 1984",2.91,29%,5.98,48%,0.00,0%,36%,0.0
"5' 5""",115 lbs.,"64""",Orthodox,"Dec 03, 1985",5.22,48%,3.77,53%,0.51,40%,73%,1.0
"5' 3""",115 lbs.,"64""",Orthodox,"Jan 12, 1985",5.42,50%,5.07,62%,0.32,50%,72%,0.0
"6' 1""",170 lbs.,"76""",Orthodox,"Feb 27, 1991",4.08,35%,3.43,65%,1.51,57%,81%,0.6
"5' 11""",170 lbs.,"75""",Orthodox,"Dec 12, 1984",4.83,35%,3.57,63%,1.98,24%,60%,0.5
"6' 3""",205 lbs.,"78""",Orthodox,"Oct 25, 1988",4.15,39%,3.69,52%,0.72,23%,67%,0.5
"6' 1""",205 lbs.,"74""",Orthodox,"Oct 22, 1985",3.83,46%,4.52,64%,0.45,8%,75%,0.5
"6' 1""",185 lbs.,"74""",Southpaw,"Oct 04, 1990",5.59,73%,1.78,68%,3.81,100%,100%,7.6
"6' 0""",185 lbs.,"74""",Orthodox,"Dec 30, 1990",2.75,47%,2.75,48%,3.22,42%,50%,0.0
"5' 11""",185 lbs.,"76""",Orthodox,"May 19, 1981",3.78,53%,1.40,72%,4.16,74%,83%,1.1
"6' 1""",185 lbs.,"75""",Orthodox,"Feb 28, 1979",4.33,38%,2.71,65%,1.05,43%,63%,0.3
"5' 6""",135 lbs.,"67""",Orthodox,"Feb 07, 1986",5.26,40%,2.91,66%,1.73,37%,85%,1.0
"5' 8""",135 lbs.,"65""",Orthodox,"Jul 07, 1991",3.45,37%,2.99,69%,1.06,38%,100%,0.0
"5' 5""",115 lbs.,"65""",Orthodox,"Jun 29, 1992",3.56,45%,3.05,60%,2.90,60%,45%,1.2
"5' 6""",115 lbs.,"65""",Orthodox,"Aug 18, 1987",6.76,49%,2.48,67%,0.19,66%,81%,0.0
"6' 0""",170 lbs.,"75""",Orthodox,"Feb 11, 1983",3.81,44%,2.66,59%,0.48,50%,78%,0.0
"5' 11""",170 lbs.,"74""",Orthodox,"Nov 12, 1984",4.15,46%,2.96,67%,1.73,58%,78%,0.4
"6' 1""",185 lbs.,"72""",,"Apr 21, 1991",8.28,56%,4.79,49%,0.00,0%,80%,0.0
"5' 9""",185 lbs.,"69""",Southpaw,"Sep 12, 1983",3.49,45%,3.99,53%,3.83,46%,63%,0.3
"6' 3""",155 lbs.,"76""",Orthodox,"Feb 23, 1987",4.11,38%,3.02,62%,0.32,33%,56%,0.8
"5' 10""",155 lbs.,"73""",Orthodox,"Feb 18, 1988",3.07,34%,3.45,58%,0.66,100%,71%,1.0
"6' 4""",240 lbs.,"77""",Orthodox,"Nov 22, 1983",4.60,51%,3.45,59%,0.00,0%,25%,0.0
"6' 5""",250 lbs.,"77""",Southpaw,"Jun 10, 1983",3.01,39%,2.79,63%,0.25,33%,75%,0.2
"6' 3""",205 lbs.,"80""",Southpaw,"Apr 08, 1983",2.70,46%,2.54,46%,1.21,48%,63%,0.6
"6' 3""",205 lbs.,"79""",Orthodox,"Sep 22, 1989",4.77,46%,2.34,58%,4.40,48%,33%,0.0
"6' 3""",170 lbs.,"78""",Orthodox,"Jul 08, 1990",2.96,45%,2.41,53%,0.87,40%,78%,0.7
"6' 2""",170 lbs.,"74""",Switch,"Jan 22, 1992",1.54,54%,2.31,43%,1.83,60%,50%,4.9
"6' 4""",265 lbs.,"80""",Orthodox,"Feb 18, 1991",4.49,49%,2.63,56%,7.29,54%,25%,0.0
"6' 2""",240 lbs.,"80""",Orthodox,"Jun 20, 1977",3.21,52%,3.39,51%,3.08,53%,12%,2.3
"5' 9""",135 lbs.,"72""",Orthodox,"Aug 01, 1995",3.23,47%,2.74,58%,1.67,50%,77%,0.6
"5' 8""",135 lbs.,"68""",Orthodox,"Nov 19, 1987",3.34,41%,3.93,62%,0.00,0%,72%,0.0
"6' 1""",185 lbs.,"77""",Southpaw,"Jan 04, 1984",3.16,45%,2.55,50%,2.88,32%,100%,0.6
"6' 1""",185 lbs.,"74""",Southpaw,"May 30, 1978",2.61,53%,1.59,61%,1.23,65%,75%,0.4
"5' 11""",170 lbs.,"72""",Orthodox,"Feb 22, 1988",3.09,41%,1.71,62%,5.98,53%,88%,0.3
"6' 1""",170 lbs.,"72""",Southpaw,"Nov 06, 1977",1.83,43%,1.90,63%,2.68,26%,65%,1.1
"5' 6""",135 lbs.,"64""",Orthodox,"Sep 07, 1986",4.19,39%,5.44,58%,1.37,25%,60%,1.4
"5' 8""",135 lbs.,"71""",Orthodox,"Jun 25, 1987",5.28,43%,3.72,65%,1.46,29%,33%,1.2
"5' 9""",155 lbs.,"70""",Southpaw,"Aug 24, 1978",3.28,45%,2.46,59%,1.22,47%,63%,0.5
"5' 8""",155 lbs.,"71""",Southpaw,"Aug 30, 1983",2.75,40%,2.84,60%,1.63,40%,47%,1.9
"6' 0""",185 lbs.,"76""",Orthodox,"Jan 07, 1984",4.56,48%,2.02,66%,0.42,25%,70%,0.0
"6' 1""",185 lbs.,"77""",Orthodox,"Jun 10, 1988",5.09,53%,2.30,65%,1.36,30%,75%,0.0
"5' 3""",135 lbs.,"67""",Orthodox,"Jun 12, 1990",5.02,39%,3.98,55%,0.56,60%,67%,0.6
"5' 8""",135 lbs.,"70""",Switch,"Dec 02, 1992",3.07,42%,4.03,52%,0.46,30%,74%,1.2
"5' 11""",170 lbs.,"75""",,"Nov 27, 1991",3.24,50%,2.67,57%,1.71,50%,60%,1.1
"6' 0""",170 lbs.,"76""",Orthodox,"Sep 29, 1989",2.53,29%,4.03,57%,1.30,27%,83%,2.2
"6' 2""",185 lbs.,"79""",Orthodox,"Mar 16, 1990",1.89,43%,1.86,54%,3.77,46%,57%,1.1
"6' 0""",185 lbs.,"73""",Orthodox,"Dec 19, 1989",3.49,33%,4.42,57%,0.00,0%,16%,0.0
"5' 9""",155 lbs.,"68""",Orthodox,"Sep 06, 1988",6.68,50%,2.92,68%,3.41,42%,100%,0.0
"5' 8""",155 lbs.,"69""",Orthodox,"Jun 16, 1984",2.08,41%,3.31,55%,2.50,39%,76%,0.5
"5' 11""",170 lbs.,"73""",Orthodox,"Dec 11, 1986",4.52,41%,3.11,62%,0.41,11%,40%,0.6
"5' 11""",170 lbs.,"76""",Orthodox,"Nov 29, 1985",3.63,42%,3.66,53%,0.00,0%,61%,0.3
"5' 5""",125 lbs.,"68""",Orthodox,"Dec 18, 1987",1.94,49%,1.59,55%,2.17,55%,41%,4.3
"5' 3""",125 lbs.,"62""",Switch,"May 02, 1993",1.90,43%,1.67,62%,6.00,63%,66%,0.5
"6' 3""",249 lbs.,"75""",Orthodox,"Sep 15, 1992",5.49,66%,4.61,48%,0.88,100%,100%,0.9
"6' 5""",265 lbs.,"80""",Orthodox,"Jul 01, 1980",2.76,44%,4.02,42%,0.00,0%,33%,0.0
"6' 0""",170 lbs.,"74""",Southpaw,"Dec 24, 1992",3.18,52%,3.25,62%,0.80,33%,82%,0.0
"6' 1""",170 lbs.,"73""",Orthodox,"Mar 29, 1983",4.24,48%,4.09,54%,1.35,37%,71%,1.5
"5' 3""",115 lbs.,"65""",Orthodox,"Oct 15, 1985",5.17,36%,4.75,56%,0.17,25%,85%,0.0
"5' 3""",115 lbs.,"64""",Orthodox,"May 07, 1986",4.33,37%,8.47,61%,0.00,0%,50%,0.0
"6' 2""",205 lbs.,"78""",Orthodox,"Feb 24, 1983",3.39,49%,3.28,50%,1.65,64%,54%,0.3
"6' 0""",205 lbs.,"75""",Orthodox,"Apr 12, 1990",3.35,53%,2.86,42%,2.09,37%,80%,0.3
"6' 0""",185 lbs.,"76""",Southpaw,"Jan 24, 1990",4.32,63%,1.48,67%,0.89,33%,0%,2.7
"6' 2""",205 lbs.,"75""",Southpaw,"Jul 17, 1987",2.92,48%,5.65,56%,0.37,100%,80%,0.0
"5' 9""",155 lbs.,"71""",Orthodox,"Jan 18, 1992",1.41,34%,2.02,47%,2.46,46%,37%,1.3
"5' 10""",155 lbs.,"72""",Southpaw,"Aug 22, 1995",1.80,36%,1.27,78%,1.00,100%,70%,0.0
"5' 6""",135 lbs.,"66""",Switch,"Aug 19, 1986",5.65,48%,5.37,54%,1.37,37%,84%,0.9
"5' 5""",135 lbs.,"70""",Orthodox,"Feb 20, 1990",1.92,34%,3.35,51%,2.55,34%,46%,0.8
"5' 10""",185 lbs.,"76""",Southpaw,"May 23, 1987",2.53,53%,1.93,58%,1.00,11%,0%,0.0
"6' 2""",185 lbs.,"75""",Southpaw,"May 06, 1986",3.05,46%,3.19,54%,0.11,25%,84%,0.1
"5' 11""",145 lbs.,"74""",Orthodox,"Jun 25, 1990",3.90,37%,3.64,55%,2.91,45%,67%,0.1
"5' 9""",145 lbs.,"65""",Southpaw,"Aug 11, 1986",3.38,42%,4.55,49%,0.45,25%,54%,0.0
"5' 11""",170 lbs.,"72""",Orthodox,"Jan 04, 1991",2.80,46%,4.10,50%,1.30,43%,75%,1.1
"5' 10""",170 lbs.,"72""",Orthodox,"Sep 28, 1989",2.33,47%,2.53,60%,0.00,0%,71%,0.0
"5' 6""",135 lbs.,"66""",Orthodox,"Mar 01, 1995",3.44,43%,5.43,35%,1.99,100%,0%,0.0
"5' 7""",135 lbs.,"65""",Orthodox,"Mar 13, 1982",4.50,58%,6.96,46%,0.50,12%,40%,0.0
"5' 6""",145 lbs.,"70""",Orthodox,"Mar 04, 1985",3.89,37%,3.64,63%,1.90,52%,50%,0.2
"5' 8""",145 lbs.,"73""",Orthodox,"Feb 09, 1988",2.48,45%,2.56,64%,1.00,52%,42%,0.8
"5' 11""",155 lbs.,"76""",Orthodox,"Feb 12, 1984",5.09,42%,3.48,64%,0.64,42%,76%,1.6
"5' 9""",155 lbs.,"77""",Orthodox,"Sep 04, 1992",3.64,42%,3.09,52%,3.45,42%,73%,1.4
"5' 3""",125 lbs.,"66""",Orthodox,"Aug 13, 1986",3.44,54%,1.64,67%,3.54,56%,65%,0.6
"5' 4""",125 lbs.,"63""",Orthodox,"Aug 04, 1993",1.31,48%,1.92,47%,2.91,44%,39%,1.4
"6' 4""",231 lbs.,"77""",Orthodox,"Jul 30, 1977",3.65,51%,2.43,57%,1.59,30%,33%,1.2
"6' 5""",250 lbs.,"77""",Southpaw,"Jun 10, 1983",3.01,39%,2.79,63%,0.25,33%,75%,0.2
"5' 6""",125 lbs.,"69""",Orthodox,"Jun 03, 1986",4.58,37%,3.80,73%,1.68,50%,100%,0.8
"5' 7""",125 lbs.,--,Switch,"Jul 23, 1986",2.12,51%,1.56,48%,0.84,50%,20%,0.8
"5' 10""",155 lbs.,"72""",Southpaw,"May 06, 1989",4.04,47%,2.91,61%,1.15,25%,78%,0.6
"5' 10""",155 lbs.,"70""",Southpaw,"Dec 18, 1981",5.46,39%,3.51,62%,1.85,32%,80%,1.0
"5' 6""",135 lbs.,"64""",Orthodox,"Nov 09, 1989",5.67,51%,3.38,63%,4.00,66%,92%,0.0
"5' 7""",135 lbs.,"68""",Orthodox,"Jun 21, 1993",3.37,46%,5.03,57%,0.73,100%,33%,0.0
"5' 9""",155 lbs.,"71""",Orthodox,"Mar 14, 1992",5.89,44%,6.66,53%,1.92,62%,70%,0.4
"5' 10""",155 lbs.,"71""",Orthodox,"Sep 09, 1986",5.00,48%,3.87,63%,1.03,25%,71%,0.2
"5' 8""",125 lbs.,--,Orthodox,"Dec 15, 1988",4.47,63%,1.80,53%,1.00,100%,100%,0.0
"5' 4""",115 lbs.,"68""",Orthodox,"Aug 12, 1986",2.23,37%,4.07,57%,1.04,11%,0%,0.5
"5' 8""",125 lbs.,"70""",Orthodox,"Jan 15, 1990",2.93,31%,3.97,52%,0.65,33%,50%,1.3
"5' 8""",125 lbs.,"69""",Orthodox,"May 18, 1986",2.07,37%,1.93,63%,0.70,50%,46%,0.2
"5' 6""",125 lbs.,"66""",Orthodox,"Mar 20, 1984",2.57,42%,2.67,56%,0.72,25%,42%,1.0
"5' 5""",125 lbs.,"65""",Orthodox,"Aug 22, 1988",3.37,44%,1.08,60%,1.80,28%,100%,0.0
"6' 1""",185 lbs.,"74""",Orthodox,"Dec 21, 1987",3.15,42%,2.51,56%,1.16,32%,76%,0.0
"6' 1""",185 lbs.,"78""",Orthodox,"Sep 06, 1981",2.10,39%,3.00,54%,2.03,26%,40%,1.1
"6' 3""",205 lbs.,"80""",Southpaw,"Apr 08, 1983",2.70,46%,2.54,46%,1.21,48%,63%,0.6
"6' 2""",205 lbs.,"75""",Southpaw,"Jul 21, 1981",2.21,38%,2.18,62%,1.86,46%,84%,0.5
"5' 1""",115 lbs.,"62""",Orthodox,"Sep 25, 1991",6.42,51%,4.94,51%,3.24,58%,75%,0.5
"5' 4""",115 lbs.,"63""",Orthodox,"Dec 07, 1988",3.44,42%,4.71,57%,3.93,50%,61%,1.0
"5' 11""",155 lbs.,"70""",Orthodox,"Sep 09, 1988",3.77,45%,4.53,53%,1.67,60%,33%,0.0
"5' 7""",155 lbs.,"70""",Southpaw,"Sep 22, 1978",3.81,41%,3.52,60%,1.23,65%,63%,0.8
"6' 0""",205 lbs.,"73""",Orthodox,"Oct 19, 1983",8.42,60%,4.21,55%,0.00,0%,100%,0.0
"6' 3""",205 lbs.,"76""",Orthodox,"Sep 01, 1989",4.00,56%,5.24,42%,0.33,25%,25%,0.3
"5' 7""",135 lbs.,"69""",Southpaw,"Jul 23, 1991",3.21,45%,3.35,54%,0.54,18%,32%,0.0
"5' 8""",145 lbs.,"69""",Orthodox,"Aug 11, 1990",2.35,37%,2.95,52%,0.38,20%,64%,0.0
"5' 5""",125 lbs.,"67""",Orthodox,"Apr 14, 1985",1.35,37%,2.19,65%,1.84,37%,85%,0.7
"5' 10""",125 lbs.,"71""",Southpaw,"Oct 07, 1989",2.02,39%,2.83,50%,2.26,34%,37%,1.1
"5' 11""",170 lbs.,"73""",Southpaw,"May 22, 1984",2.28,36%,3.43,59%,2.00,58%,62%,0.5
"5' 11""",170 lbs.,"72""",Orthodox,"Aug 16, 1990",4.27,41%,2.78,64%,0.00,0%,50%,0.5
"5' 4""",115 lbs.,"66""",Orthodox,"Feb 08, 1989",9.00,47%,6.33,72%,0.00,0%,0%,0.0
"5' 5""",115 lbs.,"67""",Orthodox,"Aug 28, 1997",6.23,31%,7.77,55%,0.00,0%,0%,0.0
"5' 7""",170 lbs.,"70""",Orthodox,"Dec 01, 1985",3.49,59%,3.69,46%,2.00,16%,100%,0.0
"5' 11""",170 lbs.,"72""",Orthodox,"Feb 12, 1988",3.38,49%,3.51,54%,0.33,100%,91%,0.0
"5' 11""",170 lbs.,"71""",Orthodox,"Nov 27, 1991",4.20,35%,3.53,59%,0.50,50%,0%,0.0
"6' 3""",170 lbs.,"77""",Orthodox,"Jan 16, 1985",4.45,41%,5.07,51%,0.23,100%,73%,0.2
"6' 3""",185 lbs.,"77""",Southpaw,"Oct 17, 1984",4.29,48%,2.32,58%,0.71,40%,68%,1.2
"6' 1""",185 lbs.,"78""",Orthodox,"Sep 26, 1981",1.65,40%,1.55,57%,2.25,34%,42%,0.0
"5' 10""",170 lbs.,"71""",Orthodox,"Sep 15, 1991",4.12,43%,4.77,59%,0.42,40%,64%,0.0
"5' 11""",170 lbs.,"73""",Orthodox,"Oct 02, 1986",4.56,46%,8.35,38%,0.00,0%,0%,0.0
"6' 4""",185 lbs.,"76""",Orthodox,"Jul 26, 1988",3.11,44%,4.00,45%,0.51,30%,46%,0.9
"5' 9""",185 lbs.,"71""",Southpaw,"Feb 02, 1978",3.02,45%,3.32,53%,1.86,48%,82%,0.5
"5' 9""",155 lbs.,"71""",Orthodox,"Nov 13, 1986",3.77,48%,2.78,55%,5.49,37%,0%,0.6
"6' 2""",155 lbs.,"74""",Southpaw,"Feb 28, 1990",2.81,39%,3.19,60%,0.00,0%,37%,1.2
"6' 0""",170 lbs.,"76""",Switch,"May 11, 1987",3.94,54%,1.57,62%,4.99,47%,0%,0.4
"6' 0""",170 lbs.,"72""",Orthodox,"Jul 23, 1982",2.81,45%,3.51,62%,0.99,29%,75%,0.4
"6' 4""",240 lbs.,"80""",Orthodox,"Sep 28, 1988",4.71,41%,3.13,61%,0.46,100%,100%,0.5
"6' 1""",251 lbs.,"77""",Orthodox,"Aug 05, 1981",2.47,42%,2.47,69%,0.65,100%,0%,0.0
"5' 9""",155 lbs.,"70""",Southpaw,"Feb 23, 1989",2.67,52%,2.67,58%,3.14,35%,83%,0.6
"6' 0""",155 lbs.,"73""",Orthodox,"Dec 11, 1989",2.61,40%,3.16,55%,1.28,25%,50%,1.1
"6' 7""",245 lbs.,"82""",Orthodox,"Jul 31, 1990",3.64,39%,5.97,45%,1.95,66%,0%,0.0
"6' 5""",260 lbs.,"76""",Orthodox,"Apr 14, 1980",3.91,65%,3.02,45%,2.62,42%,78%,0.0
"6' 0""",185 lbs.,"79""",Orthodox,"Jul 31, 1984",3.13,53%,3.16,54%,1.00,41%,71%,0.3
"6' 1""",185 lbs.,"77""",Southpaw,"Aug 19, 1989",2.96,45%,1.68,60%,1.25,42%,86%,0.1
"5' 10""",155 lbs.,"71""",Orthodox,"Jul 20, 1986",2.49,37%,3.42,57%,2.09,33%,38%,0.9
"5' 11""",155 lbs.,"71""",Orthodox,"Nov 23, 1985",2.50,39%,2.94,52%,2.33,40%,23%,0.0
"5' 8""",135 lbs.,"69""",Orthodox,"May 30, 1988",4.28,51%,2.89,54%,1.77,34%,75%,0.8
"5' 5""",125 lbs.,"67""",Southpaw,"Mar 07, 1988",3.31,52%,2.38,57%,1.82,54%,73%,0.5
"5' 8""",170 lbs.,"70""",Southpaw,"Oct 26, 1984",3.67,44%,3.11,64%,2.14,40%,66%,0.7
"6' 3""",170 lbs.,"80""",Orthodox,"Aug 03, 1987",3.84,48%,2.05,56%,2.89,48%,59%,0.3
"5' 4""",125 lbs.,"64""",Orthodox,"Feb 09, 1987",3.78,43%,2.44,71%,2.44,38%,100%,0.1
"5' 4""",125 lbs.,"65""",Southpaw,"Jan 06, 1985",1.96,30%,2.98,56%,4.54,42%,47%,0.7
"5' 10""",205 lbs.,"73""",Orthodox,"Jul 28, 1983",2.37,42%,2.65,52%,2.33,37%,100%,0.7
"6' 3""",205 lbs.,"79""",Orthodox,"Sep 17, 1991",2.58,58%,2.46,49%,1.10,66%,53%,1.1
"5' 8""",145 lbs.,"71""",Orthodox,"May 25, 1986",3.08,40%,2.71,60%,1.17,36%,64%,0.4
"5' 9""",145 lbs.,"73""",Orthodox,"Apr 12, 1982",3.51,33%,2.35,64%,1.70,42%,71%,0.2
"5' 8""",135 lbs.,"68""",Orthodox,"Aug 26, 1991",2.62,36%,3.69,56%,2.21,57%,92%,0.8
"5' 6""",135 lbs.,"66""",Orthodox,"Sep 24, 1980",2.37,44%,2.06,47%,4.67,64%,66%,0.5
"5' 7""",135 lbs.,"67""",,"Apr 30, 1988",1.65,36%,2.93,46%,0.94,18%,14%,1.2
"5' 8""",135 lbs.,"67""",Orthodox,"Jul 09, 1987",4.15,38%,3.06,64%,1.19,28%,66%,0.0
"6' 0""",145 lbs.,"70""",Southpaw,"Apr 12, 1989",4.43,45%,4.30,52%,1.00,16%,72%,0.2
"5' 6""",145 lbs.,"66""",Southpaw,"Jun 17, 1986",2.60,31%,5.07,53%,0.50,20%,42%,0.5
"6' 0""",155 lbs.,"71""",Southpaw,"Oct 22, 1988",3.87,40%,2.75,64%,0.90,45%,70%,0.2
"5' 10""",155 lbs.,"73""",Orthodox,"Nov 24, 1985",2.35,34%,3.27,47%,0.64,15%,50%,0.4
"6' 1""",245 lbs.,"76""",Orthodox,"May 13, 1986",1.60,48%,2.13,71%,1.00,100%,0%,0.0
"6' 2""",243 lbs.,"74""",Orthodox,"Aug 21, 1993",1.76,41%,2.01,44%,2.85,36%,50%,1.0
"5' 11""",155 lbs.,"75""",Orthodox,"Apr 21, 1984",2.50,42%,1.72,62%,1.99,35%,81%,0.3
"5' 10""",155 lbs.,"72""",Southpaw,"Dec 16, 1982",1.80,38%,2.14,65%,0.83,80%,81%,0.4
"6' 7""",250 lbs.,"80""",Orthodox,"Oct 24, 1988",5.28,59%,2.23,61%,0.61,75%,75%,0.4
"6' 11""",265 lbs.,"84""",Orthodox,"Feb 18, 1988",3.25,46%,4.03,48%,0.60,50%,59%,2.0
"5' 11""",185 lbs.,"72""",Orthodox,"Apr 17, 1984",3.37,48%,2.34,50%,1.13,80%,67%,0.6
"6' 3""",185 lbs.,"80""",Orthodox,"Feb 22, 1992",2.74,50%,5.66,39%,4.47,25%,0%,0.0
"5' 6""",135 lbs.,"68""",Orthodox,"Jun 20, 1977",3.79,42%,2.49,69%,0.30,100%,57%,1.4
"5' 4""",135 lbs.,"68""",Orthodox,"Mar 04, 1987",2.27,38%,4.25,57%,2.01,22%,50%,0.5
"6' 0""",170 lbs.,"74""",Southpaw,"Aug 25, 1991",2.07,47%,2.03,55%,1.60,31%,66%,0.7
"6' 0""",170 lbs.,"72""",Southpaw,"May 03, 1989",4.89,49%,3.67,50%,0.35,40%,47%,0.3
"6' 0""",170 lbs.,"74""",Southpaw,"Dec 24, 1992",3.18,52%,3.25,62%,0.80,33%,82%,0.0
"6' 0""",170 lbs.,"76""",Southpaw,"Dec 18, 1988",2.18,34%,2.31,57%,0.67,25%,55%,0.5
"5' 9""",155 lbs.,"73""",Orthodox,"Aug 08, 1988",3.21,43%,2.09,62%,2.17,77%,85%,0.0
"6' 0""",155 lbs.,"77""",Orthodox,"May 08, 1984",4.20,34%,4.20,35%,0.00,0%,0%,0.0
"5' 6""",155 lbs.,"67""",Orthodox,"Jul 25, 1981",2.54,47%,2.38,59%,4.28,38%,47%,0.7
"5' 8""",145 lbs.,"69""",Orthodox,"Mar 06, 1994",1.13,46%,2.91,39%,1.70,42%,22%,0.6
"5' 8""",155 lbs.,"73""",Orthodox,"Nov 04, 1986",2.12,35%,1.72,64%,4.17,46%,61%,0.1
"5' 10""",155 lbs.,"73""",Southpaw,"Oct 11, 1989",3.04,46%,2.47,65%,1.67,50%,70%,0.0
"6' 4""",205 lbs.,"78""",Orthodox,"Feb 06, 1992",3.07,30%,1.60,56%,0.00,0%,85%,0.0
"6' 1""",205 lbs.,"75""",Orthodox,"Feb 28, 1980",2.77,52%,3.07,59%,2.22,24%,83%,0.0
"6' 1""",145 lbs.,"73""",Orthodox,"Mar 01, 1991",3.31,58%,1.76,57%,7.54,66%,71%,1.9
"5' 10""",145 lbs.,"69""",Orthodox,"Jul 28, 1989",3.55,49%,2.78,41%,2.74,50%,58%,1.1
"6' 2""",205 lbs.,"78""",Orthodox,"Nov 25, 1991",10.22,61%,0.13,92%,3.98,100%,0%,2.0
"5' 11""",205 lbs.,"73""",Orthodox,"Mar 30, 1980",1.23,35%,5.95,47%,0.00,0%,33%,0.0
"5' 10""",155 lbs.,"72""",Orthodox,"Feb 27, 1987",3.01,42%,4.48,49%,1.77,80%,82%,0.4
"5' 11""",155 lbs.,"70""",Southpaw,"Feb 06, 1986",2.20,49%,3.00,54%,0.85,18%,10%,2.1
